ID,Label
0,5
1,2
2,4
3,0
4,3
5,4
6,4
7,6
8,1
9,2
10,6
11,5
12,5
13,6
14,2
15,0
16,4
17,4
18,4
19,5
20,3
21,1
22,6
23,2
24,2
25,6
26,0
27,5
28,2
29,3
30,6
31,2
32,0
33,4
34,3
35,6
36,3
37,0
38,6
39,2
40,4
41,3
42,6
43,6
44,4
45,5
46,3
47,6
48,0
49,3
50,5
51,5
52,5
53,6
54,0
55,4
56,6
57,1
58,6
59,0
60,6
61,4
62,6
63,3
64,6
65,6
66,6
67,6
68,5
69,0
70,0
71,1
72,5
73,4
74,1
75,2
76,1
77,4
78,2
79,2
80,1
81,4
82,3
83,3
84,4
85,6
86,3
87,6
88,6
89,5
90,6
91,0
92,4
93,3
94,0
95,0
96,4
97,6
98,0
99,3
100,5
101,4
102,6
103,2
104,4
105,4
106,0
107,6
108,5
109,5
110,2
111,3
112,3
113,6
114,3
115,4
116,3
117,3
118,6
119,4
120,1
121,3
122,3
123,2
124,6
125,6
126,5
127,4
128,5
129,2
130,5
131,5
132,2
133,5
134,5
135,3
136,3
137,5
138,4
139,5
140,2
141,3
142,3
143,4
144,3
145,0
146,3
147,6
148,0
149,0
150,0
151,4
152,3
153,4
154,3
155,6
156,5
157,0
158,4
159,0
160,3
161,5
162,3
163,6
164,5
165,1
166,4
167,0
168,5
169,6
170,3
171,4
172,0
173,1
174,3
175,4
176,4
177,0
178,4
179,1
180,0
181,3
182,6
183,2
184,4
185,2
186,5
187,0
188,2
189,0
190,3
191,5
192,3
193,3
194,2
195,2
196,3
197,0
198,1
199,6
200,4
201,6
202,6
203,1
204,3
205,0
206,5
207,4
208,4
209,3
210,3
211,1
212,3
213,3
214,0
215,1
216,3
217,6
218,3
219,6
220,6
221,4
222,3
223,2
224,2
225,3
226,4
227,3
228,0
229,0
230,3
231,6
232,5
233,4
234,3
235,6
236,0
237,3
238,5
239,4
240,0
241,4
242,3
243,2
244,6
245,5
246,3
247,4
248,3
249,3
250,3
251,4
252,4
253,6
254,4
255,0
256,3
257,4
258,3
259,0
260,2
261,3
262,6
263,4
264,4
265,5
266,4
267,6
268,3
269,6
270,6
271,0
272,0
273,3
274,6
275,0
276,2
277,6
278,3
279,2
280,5
281,4
282,2
283,5
284,5
285,3
286,3
287,3
288,5
289,0
290,2
291,4
292,3
293,0
294,6
295,3
296,6
297,4
298,2
299,2
300,6
301,3
302,0
303,0
304,3
305,3
306,1
307,5
308,4
309,4
310,3
311,0
312,5
313,5
314,2
315,5
316,6
317,1
318,1
319,2
320,3
321,6
322,1
323,5
324,6
325,1
326,3
327,6
328,5
329,0
330,2
331,4
332,2
333,1
334,4
335,4
336,4
337,4
338,6
339,3
340,4
341,6
342,3
343,5
344,0
345,6
346,3
347,2
348,3
349,3
350,5
351,6
352,5
353,3
354,6
355,6
356,4
357,3
358,4
359,5
360,6
361,2
362,5
363,2
364,0
365,3
366,3
367,3
368,4
369,3
370,4
371,5
372,2
373,2
374,5
375,5
376,0
377,3
378,6
379,2
380,0
381,0
382,3
383,3
384,4
385,0
386,3
387,4
388,4
389,6
390,3
391,3
392,4
393,4
394,4
395,5
396,3
397,3
398,6
399,3
400,5
401,5
402,1
403,3
404,6
405,6
406,2
407,3
408,6
409,0
410,6
411,3
412,6
413,3
414,6
415,4
416,6
417,6
418,4
419,2
420,4
421,2
422,3
423,3
424,5
425,6
426,1
427,5
428,0
429,6
430,3
431,6
432,2
433,6
434,4
435,3
436,4
437,4
438,6
439,5
440,1
441,3
442,3
443,0
444,6
445,6
446,3
447,6
448,6
449,6
450,0
451,1
452,6
453,4
454,4
455,4
456,3
457,0
458,3
459,6
460,0
461,3
462,5
463,3
464,3
465,3
466,0
467,5
468,3
469,6
470,4
471,4
472,3
473,3
474,3
475,5
476,3
477,0
478,5
479,5
480,5
481,5
482,6
483,6
484,6
485,5
486,3
487,4
488,4
489,3
490,4
491,1
492,3
493,5
494,1
495,3
496,6
497,3
498,6
499,5
500,3
501,0
502,3
503,3
504,5
505,0
506,2
507,3
508,3
509,2
510,4
511,4
512,3
513,4
514,6
515,0
516,3
517,0
518,0
519,6
520,5
521,2
522,5
523,4
524,3
525,2
526,3
527,5
528,6
529,4
530,3
531,5
532,3
533,6
534,3
535,4
536,3
537,2
538,2
539,0
540,5
541,6
542,3
543,3
544,6
545,3
546,5
547,3
548,3
549,6
550,6
551,5
552,6
553,5
554,2
555,2
556,2
557,5
558,6
559,2
560,2
561,2
562,3
563,4
564,5
565,4
566,6
567,0
568,6
569,6
570,3
571,3
572,0
573,0
574,0
575,2
576,3
577,5
578,6
579,6
580,6
581,6
582,5
583,5
584,3
585,5
586,2
587,3
588,3
589,6
590,5
591,4
592,4
593,4
594,2
595,3
596,3
597,6
598,4
599,6
600,6
601,3
602,3
603,5
604,6
605,4
606,4
607,2
608,5
609,6
610,3
611,3
612,3
613,5
614,3
615,6
616,3
617,2
618,6
619,2
620,4
621,3
622,4
623,0
624,3
625,3
626,4
627,0
628,6
629,6
630,6
631,3
632,1
633,3
634,6
635,3
636,3
637,6
638,2
639,4
640,4
641,3
642,4
643,3
644,3
645,3
646,6
647,6
648,6
649,0
650,5
651,0
652,6
653,5
654,3
655,1
656,0
657,6
658,0
659,6
660,2
661,6
662,6
663,3
664,4
665,3
666,4
667,6
668,5
669,3
670,2
671,6
672,4
673,3
674,3
675,4
676,5
677,3
678,4
679,2
680,2
681,0
682,5
683,5
684,0
685,3
686,2
687,0
688,3
689,3
690,6
691,4
692,6
693,6
694,3
695,3
696,5
697,1
698,6
699,0
700,6
701,0
702,3
703,3
704,6
705,5
706,6
707,5
708,5
709,2
710,0
711,3
712,3
713,6
714,4
715,6
716,3
717,0
718,3
719,6
720,6
721,3
722,6
723,5
724,3
725,3
726,3
727,4
728,3
729,3
730,4
731,0
732,4
733,2
734,4
735,0
736,6
737,6
738,3
739,3
740,1
741,3
742,4
743,4
744,6
745,2
746,1
747,0
748,1
749,4
750,4
751,0
752,3
753,6
754,2
755,3
756,4
757,4
758,6
759,4
760,3
761,5
762,5
763,4
764,5
765,3
766,6
767,5
768,6
769,3
770,3
771,3
772,4
773,5
774,4
775,0
776,6
777,0
778,6
779,3
780,3
781,6
782,5
783,2
784,1
785,2
786,3
787,2
788,3
789,6
790,4
791,1
792,3
793,5
794,6
795,6
796,2
797,4
798,6
799,1
800,2
801,0
802,3
803,6
804,4
805,6
806,3
807,3
808,5
809,6
810,0
811,2
812,0
813,3
814,5
815,5
816,3
817,6
818,6
819,4
820,2
821,3
822,6
823,0
824,3
825,3
826,3
827,5
828,6
829,2
830,4
831,3
832,0
833,3
834,3
835,4
836,3
837,5
838,6
839,0
840,3
841,5
842,5
843,3
844,6
845,2
846,5
847,6
848,6
849,5
850,2
851,2
852,6
853,4
854,4
855,6
856,4
857,0
858,3
859,6
860,1
861,6
862,0
863,2
864,3
865,6
866,6
867,6
868,3
869,6
870,3
871,5
872,3
873,6
874,5
875,4
876,3
877,6
878,2
879,1
880,6
881,1
882,0
883,5
884,6
885,3
886,4
887,6
888,6
889,3
890,3
891,3
892,3
893,5
894,0
895,3
896,3
897,3
898,3
899,3
900,3
901,1
902,3
903,5
904,2
905,3
906,0
907,6
908,3
909,5
910,1
911,1
912,3
913,3
914,6
915,3
916,5
917,6
918,6
919,6
920,5
921,6
922,2
923,5
924,3
925,2
926,6
927,4
928,4
929,4
930,3
931,0
932,5
933,5
934,2
935,6
936,6
937,3
938,3
939,6
940,6
941,2
942,4
943,3
944,3
945,0
946,0
947,4
948,6
949,5
950,0
951,6
952,3
953,3
954,6
955,0
956,0
957,4
958,6
959,5
960,0
961,4
962,5
963,4
964,6
965,3
966,6
967,2
968,3
969,3
970,5
971,3
972,6
973,6
974,5
975,0
976,2
977,5
978,5
979,6
980,3
981,5
982,3
983,3
984,5
985,3
986,3
987,0
988,3
989,4
990,0
991,6
992,1
993,3
994,6
995,1
996,6
997,3
998,0
999,3
1000,3
1001,3
1002,4
1003,3
1004,3
1005,5
1006,0
1007,0
1008,0
1009,5
1010,1
1011,4
1012,3
1013,5
1014,6
1015,3
1016,2
1017,3
1018,4
1019,3
1020,3
1021,2
1022,6
1023,6
1024,3
1025,3
1026,3
1027,1
1028,1
1029,4
1030,1
1031,3
1032,2
1033,5
1034,5
1035,2
1036,6
1037,1
1038,6
1039,2
1040,4
1041,6
1042,0
1043,6
1044,4
1045,3
1046,5
1047,6
1048,5
1049,4
1050,3
1051,5
1052,4
1053,6
1054,2
1055,5
1056,0
1057,3
1058,6
1059,6
1060,3
1061,0
1062,4
1063,6
1064,6
1065,3
1066,3
1067,5
1068,0
1069,6
1070,3
1071,6
1072,3
1073,5
1074,5
1075,4
1076,6
1077,3
1078,0
1079,2
1080,2
1081,2
1082,5
1083,6
1084,4
1085,4
1086,5
1087,4
1088,6
1089,3
1090,3
1091,3
1092,6
1093,5
1094,3
1095,2
1096,0
1097,5
1098,3
1099,6
1100,5
1101,6
1102,5
1103,3
1104,5
1105,6
1106,6
1107,1
1108,4
1109,3
1110,3
1111,0
1112,4
1113,4
1114,3
1115,0
1116,3
1117,3
1118,5
1119,5
1120,0
1121,6
1122,3
1123,6
1124,3
1125,0
1126,6
1127,1
1128,2
1129,2
1130,5
1131,4
1132,2
1133,5
1134,3
1135,3
1136,3
1137,3
1138,3
1139,4
1140,3
1141,4
1142,1
1143,1
1144,6
1145,1
1146,6
1147,4
1148,4
1149,3
1150,4
1151,4
1152,3
1153,0
1154,3
1155,4
1156,4
1157,2
1158,3
1159,0
1160,6
1161,1
1162,5
1163,4
1164,5
1165,3
1166,0
1167,2
1168,3
1169,6
1170,0
1171,3
1172,3
1173,3
1174,6
1175,6
1176,3
1177,4
1178,3
1179,0
1180,6
1181,2
1182,2
1183,5
1184,3
1185,4
1186,2
1187,2
1188,6
1189,6
1190,6
1191,5
1192,5
1193,6
1194,4
1195,6
1196,0
1197,4
1198,6
1199,2
1200,4
1201,6
1202,4
1203,3
1204,5
1205,4
1206,6
1207,2
1208,3
1209,2
1210,2
1211,5
1212,3
1213,4
1214,6
1215,2
1216,4
1217,6
1218,3
1219,4
1220,4
1221,6
1222,4
1223,3
1224,4
1225,4
1226,3
1227,1
1228,4
1229,3
1230,5
1231,4
1232,5
1233,3
1234,3
1235,6
1236,3
1237,3
1238,4
1239,0
1240,3
1241,4
1242,1
1243,3
1244,6
1245,3
1246,6
1247,3
1248,0
1249,2
1250,3
1251,3
1252,1
1253,3
1254,3
1255,5
1256,5
1257,2
1258,2
1259,5
1260,6
1261,4
1262,2
1263,2
1264,6
1265,3
1266,0
1267,6
1268,3
1269,6
1270,5
1271,2
1272,6
1273,3
1274,2
1275,0
1276,4
1277,6
1278,4
1279,0
1280,1
1281,3
1282,2
1283,0
1284,4
1285,0
1286,0
1287,4
1288,4
1289,0
1290,6
1291,5
1292,4
1293,6
1294,6
1295,6
1296,6
1297,3
1298,4
1299,4
1300,3
1301,4
1302,4
1303,3
1304,3
1305,3
1306,4
1307,5
1308,5
1309,5
1310,6
1311,0
1312,3
1313,3
1314,4
1315,6
1316,4
1317,1
1318,3
1319,3
1320,0
1321,3
1322,4
1323,3
1324,4
1325,3
1326,3
1327,2
1328,5
1329,0
1330,5
1331,1
1332,5
1333,0
1334,6
1335,5
1336,3
1337,6
1338,3
1339,0
1340,3
1341,6
1342,0
1343,4
1344,3
1345,6
1346,3
1347,6
1348,2
1349,1
1350,6
1351,1
1352,3
1353,4
1354,0
1355,4
1356,2
1357,6
1358,6
1359,3
1360,3
1361,4
1362,4
1363,6
1364,6
1365,3
1366,3
1367,0
1368,3
1369,6
1370,2
1371,6
1372,6
1373,5
1374,5
1375,4
1376,4
1377,0
1378,5
1379,3
1380,5
1381,0
1382,3
1383,3
1384,3
1385,6
1386,5
1387,0
1388,6
1389,6
1390,3
1391,2
1392,2
1393,3
1394,0
1395,2
1396,2
1397,6
1398,6
1399,4
1400,6
1401,4
1402,6
1403,0
1404,1
1405,2
1406,6
1407,3
1408,3
1409,0
1410,2
1411,3
1412,6
1413,4
1414,3
1415,3
1416,3
1417,3
1418,6
1419,3
1420,6
1421,3
1422,4
1423,5
1424,6
1425,5
1426,4
1427,3
1428,4
1429,3
1430,2
1431,3
1432,4
1433,3
1434,4
1435,5
1436,3
1437,3
1438,1
1439,4
1440,6
1441,3
1442,3
1443,5
1444,3
1445,6
1446,3
1447,1
1448,3
1449,6
1450,2
1451,3
1452,4
1453,3
1454,4
1455,3
1456,6
1457,0
1458,6
1459,6
1460,3
1461,3
1462,2
1463,3
1464,4
1465,2
1466,0
1467,4
1468,6
1469,6
1470,2
1471,6
1472,6
1473,0
1474,3
1475,0
1476,2
1477,4
1478,3
1479,0
1480,3
1481,3
1482,3
1483,3
1484,5
1485,6
1486,6
1487,4
1488,4
1489,6
1490,0
1491,3
1492,0
1493,6
1494,0
1495,6
1496,2
1497,3
1498,6
1499,2
1500,3
1501,4
1502,6
1503,3
1504,0
1505,2
1506,4
1507,0
1508,4
1509,1
1510,3
1511,4
1512,3
1513,1
1514,3
1515,1
1516,2
1517,6
1518,6
1519,2
1520,3
1521,2
1522,3
1523,6
1524,5
1525,3
1526,1
1527,3
1528,2
1529,5
1530,4
1531,0
1532,2
1533,6
1534,0
1535,2
1536,3
1537,6
1538,0
1539,6
1540,0
1541,4
1542,5
1543,4
1544,4
1545,3
1546,6
1547,1
1548,2
1549,0
1550,0
1551,4
1552,3
1553,6
1554,3
1555,6
1556,4
1557,3
1558,0
1559,3
1560,3
1561,3
1562,6
1563,2
1564,0
1565,6
1566,6
1567,6
1568,2
1569,4
1570,4
1571,4
1572,3
1573,3
1574,3
1575,3
1576,5
1577,3
1578,3
1579,3
1580,0
1581,0
1582,6
1583,3
1584,2
1585,5
1586,3
1587,3
1588,0
1589,6
1590,2
1591,0
1592,3
1593,4
1594,6
1595,3
1596,2
1597,1
1598,3
1599,4
1600,4
1601,3
1602,3
1603,0
1604,4
1605,3
1606,2
1607,4
1608,3
1609,2
1610,1
1611,6
1612,4
1613,5
1614,3
1615,1
1616,1
1617,4
1618,6
1619,2
1620,6
1621,3
1622,6
1623,3
1624,4
1625,6
1626,6
1627,5
1628,5
1629,5
1630,1
1631,0
1632,3
1633,5
1634,0
1635,4
1636,6
1637,3
1638,2
1639,6
1640,5
1641,6
1642,0
1643,1
1644,0
1645,6
1646,0
1647,5
1648,5
1649,5
1650,6
1651,1
1652,3
1653,5
1654,3
1655,5
1656,4
1657,6
1658,5
1659,4
1660,4
1661,6
1662,0
1663,5
1664,5
1665,5
1666,3
1667,0
1668,6
1669,3
1670,5
1671,6
1672,5
1673,3
1674,5
1675,6
1676,4
1677,3
1678,2
1679,2
1680,4
1681,0
1682,5
1683,3
1684,6
1685,1
1686,3
1687,3
1688,6
1689,4
1690,6
1691,3
1692,6
1693,4
1694,3
1695,2
1696,5
1697,1
1698,6
1699,4
1700,1
1701,3
1702,0
1703,0
1704,6
1705,3
1706,4
1707,0
1708,6
1709,3
1710,3
1711,6
1712,6
1713,3
1714,2
1715,6
1716,4
1717,4
1718,0
1719,2
1720,5
1721,6
1722,4
1723,4
1724,6
1725,3
1726,5
1727,6
1728,3
1729,6
1730,3
1731,6
1732,3
1733,4
1734,0
1735,4
1736,3
1737,2
1738,3
1739,6
1740,6
1741,6
1742,1
1743,3
1744,6
1745,5
1746,3
1747,6
1748,6
1749,6
1750,4
1751,1
1752,0
1753,5
1754,0
1755,6
1756,4
1757,6
1758,0
1759,6
1760,2
1761,4
1762,4
1763,6
1764,5
1765,3
1766,6
1767,6
1768,4
1769,2
1770,6
1771,3
1772,3
1773,0
1774,2
1775,0
1776,4
1777,4
1778,3
1779,1
1780,6
1781,4
1782,0
1783,6
1784,3
1785,3
1786,0
1787,6
1788,3
1789,3
1790,3
1791,3
1792,0
1793,2
1794,1
1795,0
1796,6
1797,5
1798,5
1799,1
1800,6
1801,3
1802,3
1803,3
1804,5
1805,3
1806,3
1807,3
1808,5
1809,3
1810,3
1811,0
1812,0
1813,6
1814,4
1815,3
1816,0
1817,2
1818,3
1819,4
1820,3
1821,4
1822,6
1823,4
1824,6
1825,2
1826,6
1827,3
1828,6
1829,3
1830,3
1831,2
1832,3
1833,6
1834,4
1835,4
1836,5
1837,1
1838,3
1839,2
1840,5
1841,3
1842,0
1843,3
1844,5
1845,5
1846,6
1847,6
1848,5
1849,6
1850,3
1851,5
1852,3
1853,5
1854,3
1855,4
1856,0
1857,2
1858,3
1859,0
1860,6
1861,5
1862,3
1863,0
1864,3
1865,6
1866,6
1867,6
1868,1
1869,0
1870,4
1871,6
1872,6
1873,6
1874,3
1875,4
1876,1
1877,3
1878,6
1879,1
1880,5
1881,5
1882,4
1883,6
1884,4
1885,0
1886,1
1887,2
1888,1
1889,1
1890,5
1891,4
1892,0
1893,3
1894,1
1895,5
1896,6
1897,3
1898,3
1899,3
1900,0
1901,5
1902,1
1903,4
1904,3
1905,4
1906,0
1907,4
1908,6
1909,3
1910,3
1911,3
1912,1
1913,4
1914,4
1915,2
1916,2
1917,3
1918,6
1919,3
1920,6
1921,6
1922,3
1923,1
1924,5
1925,3
1926,0
1927,3
1928,0
1929,2
1930,6
1931,6
1932,3
1933,5
1934,1
1935,3
1936,3
1937,1
1938,6
1939,3
1940,3
1941,3
1942,6
1943,5
1944,6
1945,6
1946,4
1947,4
1948,3
1949,3
1950,2
1951,5
1952,2
1953,3
1954,4
1955,5
1956,0
1957,3
1958,3
1959,2
1960,6
1961,5
1962,2
1963,0
1964,5
1965,2
1966,5
1967,4
1968,2
1969,6
1970,4
1971,3
1972,1
1973,3
1974,3
1975,3
1976,4
1977,4
1978,4
1979,0
1980,4
1981,2
1982,4
1983,5
1984,0
1985,0
1986,2
1987,3
1988,0
1989,4
1990,4
1991,5
1992,3
1993,4
1994,4
1995,0
1996,6
1997,4
1998,6
1999,6
2000,6
2001,1
2002,2
2003,2
2004,5
2005,2
2006,0
2007,2
2008,1
2009,4
2010,6
2011,3
2012,2
2013,4
2014,5
2015,4
2016,0
2017,5
2018,4
2019,1
2020,3
2021,4
2022,3
2023,6
2024,0
2025,4
2026,5
2027,5
2028,3
2029,3
2030,4
2031,4
2032,0
2033,2
2034,3
2035,2
2036,6
2037,2
2038,6
2039,6
2040,6
2041,4
2042,5
2043,3
2044,1
2045,2
2046,3
2047,3
2048,5
2049,1
2050,3
2051,4
2052,5
2053,6
2054,4
2055,6
2056,6
2057,3
2058,5
2059,4
2060,6
2061,0
2062,4
2063,6
2064,0
2065,3
2066,6
2067,6
2068,6
2069,0
2070,2
2071,3
2072,4
2073,0
2074,5
2075,3
2076,3
2077,3
2078,2
2079,0
2080,3
2081,3
2082,2
2083,3
2084,0
2085,5
2086,4
2087,0
2088,4
2089,0
2090,2
2091,2
2092,0
2093,6
2094,5
2095,2
2096,5
2097,5
2098,3
2099,6
2100,3
2101,3
2102,3
2103,6
2104,4
2105,1
2106,6
2107,6
2108,1
2109,5
2110,5
2111,0
2112,5
2113,6
2114,4
2115,4
2116,1
2117,3
2118,0
2119,6
2120,4
2121,4
2122,2
2123,4
2124,6
2125,3
2126,5
2127,2
2128,3
2129,5
2130,6
2131,3
2132,6
2133,6
2134,3
2135,2
2136,6
2137,3
2138,4
2139,3
2140,1
2141,3
2142,2
2143,6
2144,3
2145,3
2146,4
2147,4
2148,3
2149,1
2150,3
2151,2
2152,3
2153,5
2154,6
2155,3
2156,5
2157,1
2158,6
2159,6
2160,3
2161,6
2162,6
2163,3
2164,0
2165,2
2166,3
2167,2
2168,6
2169,5
2170,4
2171,3
2172,5
2173,5
2174,6
2175,4
2176,5
2177,0
2178,2
2179,5
2180,4
2181,5
2182,3
2183,4
2184,6
2185,6
2186,0
2187,0
2188,3
2189,6
2190,0
2191,0
2192,1
2193,4
2194,2
2195,3
2196,4
2197,4
2198,2
2199,2
2200,3
2201,3
2202,3
2203,3
2204,2
2205,3
2206,0
2207,5
2208,2
2209,6
2210,4
2211,1
2212,6
2213,3
2214,5
2215,1
2216,3
2217,2
2218,0
2219,2
2220,0
2221,3
2222,6
2223,0
2224,3
2225,6
2226,3
2227,0
2228,5
2229,3
2230,3
2231,3
2232,4
2233,3
2234,4
2235,4
2236,4
2237,3
2238,2
2239,5
2240,4
2241,1
2242,5
2243,3
2244,6
2245,2
2246,3
2247,4
2248,4
2249,4
2250,6
2251,4
2252,1
2253,4
2254,2
2255,4
2256,6
2257,1
2258,0
2259,6
2260,0
2261,5
2262,0
2263,0
2264,5
2265,2
2266,2
2267,0
2268,3
2269,2
2270,5
2271,4
2272,4
2273,3
2274,2
2275,2
2276,3
2277,3
2278,4
2279,1
2280,3
2281,6
2282,3
2283,0
2284,6
2285,6
2286,5
2287,6
2288,3
2289,3
2290,6
2291,3
2292,5
2293,6
2294,3
2295,2
2296,6
2297,3
2298,6
2299,3
2300,3
2301,3
2302,5
2303,5
2304,6
2305,3
2306,2
2307,4
2308,3
2309,6
2310,4
2311,6
2312,2
2313,5
2314,3
2315,2
2316,6
2317,3
2318,6
2319,3
2320,1
2321,2
2322,4
2323,6
2324,4
2325,4
2326,3
2327,0
2328,2
2329,0
2330,5
2331,6
2332,4
2333,0
2334,4
2335,2
2336,4
2337,6
2338,2
2339,4
2340,3
2341,2
2342,3
2343,1
2344,2
2345,0
2346,0
2347,0
2348,3
2349,6
2350,0
2351,4
2352,5
2353,6
2354,4
2355,3
2356,3
2357,3
2358,3
2359,6
2360,6
2361,2
2362,3
2363,0
2364,1
2365,4
2366,3
2367,6
2368,3
2369,3
2370,4
2371,6
2372,3
2373,6
2374,0
2375,3
2376,6
2377,0
2378,4
2379,6
2380,4
2381,3
2382,3
2383,3
2384,3
2385,1
2386,6
2387,3
2388,4
2389,2
2390,5
2391,3
2392,3
2393,5
2394,1
2395,3
2396,3
2397,3
2398,1
2399,4
2400,5
2401,3
2402,0
2403,0
2404,3
2405,3
2406,3
2407,2
2408,5
2409,0
2410,5
2411,3
2412,3
2413,5
2414,0
2415,5
2416,0
2417,3
2418,3
2419,4
2420,3
2421,2
2422,4
2423,4
2424,2
2425,5
2426,6
2427,5
2428,0
2429,2
2430,0
2431,3
2432,0
2433,1
2434,5
2435,5
2436,6
2437,3
2438,6
2439,4
2440,5
2441,3
2442,3
2443,3
2444,3
2445,6
2446,4
2447,2
2448,5
2449,4
2450,6
2451,4
2452,3
2453,1
2454,0
2455,0
2456,3
2457,3
2458,1
2459,2
2460,6
2461,3
2462,3
2463,2
2464,6
2465,4
2466,3
2467,3
2468,0
2469,2
2470,2
2471,5
2472,0
2473,4
2474,3
2475,4
2476,6
2477,6
2478,3
2479,6
2480,5
2481,2
2482,2
2483,4
2484,5
2485,5
2486,6
2487,3
2488,5
2489,3
2490,3
2491,6
2492,6
2493,6
2494,4
2495,6
2496,6
2497,6
2498,3
2499,3
2500,0
2501,4
2502,2
2503,6
2504,5
2505,3
2506,3
2507,0
2508,6
2509,4
2510,3
2511,3
2512,3
2513,5
2514,5
2515,3
2516,4
2517,6
2518,6
2519,6
2520,3
2521,4
2522,3
2523,3
2524,3
2525,5
2526,3
2527,6
2528,3
2529,3
2530,2
2531,0
2532,3
2533,3
2534,5
2535,2
2536,4
2537,3
2538,3
2539,6
2540,2
2541,6
2542,3
2543,4
2544,1
2545,1
2546,0
2547,4
2548,3
2549,4
2550,6
2551,6
2552,4
2553,6
2554,2
2555,5
2556,1
2557,2
2558,4
2559,5
2560,3
2561,3
2562,3
2563,3
2564,5
2565,3
2566,6
2567,2
2568,0
2569,0
2570,2
2571,4
2572,4
2573,0
2574,3
2575,6
2576,5
2577,3
2578,1
2579,4
2580,1
2581,3
2582,3
2583,4
2584,4
2585,0
2586,5
2587,3
2588,0
2589,5
2590,4
2591,5
2592,3
2593,2
2594,0
2595,2
2596,5
2597,6
2598,3
2599,6
2600,2
2601,5
2602,3
2603,5
2604,5
2605,5
2606,0
2607,3
2608,4
2609,3
2610,1
2611,3
2612,6
2613,0
2614,5
2615,4
2616,3
2617,6
2618,5
2619,5
2620,4
2621,2
2622,2
2623,5
2624,1
2625,6
2626,4
2627,3
2628,3
2629,2
2630,3
2631,4
2632,6
2633,6
2634,5
2635,2
2636,3
2637,4
2638,4
2639,5
2640,4
2641,1
2642,1
2643,2
2644,3
2645,4
2646,6
2647,6
2648,5
2649,6
2650,0
2651,4
2652,0
2653,2
2654,3
2655,6
2656,0
2657,5
2658,3
2659,6
2660,6
2661,4
2662,2
2663,6
2664,3
2665,4
2666,4
2667,3
2668,6
2669,6
2670,5
2671,5
2672,3
2673,3
2674,3
2675,4
2676,2
2677,6
2678,6
2679,0
2680,0
2681,6
2682,3
2683,2
2684,6
2685,0
2686,6
2687,2
2688,0
2689,2
2690,5
2691,4
2692,0
2693,2
2694,4
2695,6
2696,2
2697,6
2698,0
2699,4
2700,6
2701,3
2702,0
2703,6
2704,2
2705,6
2706,0
2707,5
2708,4
2709,6
2710,5
2711,3
2712,4
2713,6
2714,4
2715,4
2716,5
2717,0
2718,5
2719,2
2720,3
2721,4
2722,3
2723,2
2724,6
2725,3
2726,4
2727,6
2728,5
2729,6
2730,3
2731,2
2732,5
2733,2
2734,3
2735,6
2736,4
2737,5
2738,0
2739,4
2740,6
2741,4
2742,6
2743,3
2744,4
2745,3
2746,6
2747,5
2748,2
2749,1
2750,3
2751,6
2752,3
2753,3
2754,3
2755,2
2756,5
2757,3
2758,6
2759,0
2760,5
2761,6
2762,4
2763,3
2764,6
2765,2
2766,3
2767,4
2768,1
2769,0
2770,6
2771,2
2772,0
2773,5
2774,3
2775,4
2776,1
2777,3
2778,1
2779,3
2780,3
2781,6
2782,0
2783,3
2784,2
2785,3
2786,4
2787,6
2788,3
2789,2
2790,6
2791,0
2792,4
2793,0
2794,5
2795,5
2796,1
2797,5
2798,0
2799,0
2800,3
2801,6
2802,2
2803,2
2804,6
2805,5
2806,0
2807,3
2808,5
2809,3
2810,4
2811,5
2812,6
2813,2
2814,2
2815,4
2816,6
2817,0
2818,5
2819,6
2820,4
2821,0
2822,3
2823,6
2824,4
2825,3
2826,6
2827,4
2828,0
2829,4
2830,3
2831,2
2832,0
2833,5
2834,3
2835,3
2836,6
2837,5
2838,5
2839,4
2840,6
2841,0
2842,3
2843,3
2844,4
2845,3
2846,6
2847,3
2848,6
2849,4
2850,5
2851,2
2852,5
2853,5
2854,5
2855,6
2856,4
2857,6
2858,0
2859,6
2860,6
2861,3
2862,0
2863,3
2864,3
2865,6
2866,3
2867,4
2868,0
2869,3
2870,4
2871,6
2872,0
2873,6
2874,3
2875,4
2876,6
2877,3
2878,5
2879,6
2880,2
2881,4
2882,1
2883,4
2884,6
2885,0
2886,4
2887,6
2888,2
2889,4
2890,3
2891,3
2892,2
2893,5
2894,5
2895,4
2896,6
2897,0
2898,0
2899,5
2900,4
2901,5
2902,3
2903,6
2904,0
2905,3
2906,3
2907,4
2908,3
2909,4
2910,0
2911,0
2912,3
2913,1
2914,6
2915,3
2916,2
2917,2
2918,4
2919,4
2920,6
2921,3
2922,2
2923,5
2924,5
2925,0
2926,3
2927,2
2928,4
2929,3
2930,5
2931,3
2932,2
2933,2
2934,3
2935,3
2936,1
2937,3
2938,6
2939,6
2940,6
2941,0
2942,2
2943,6
2944,3
2945,3
2946,3
2947,4
2948,3
2949,4
2950,6
2951,3
2952,6
2953,3
2954,5
2955,4
2956,0
2957,1
2958,1
2959,0
2960,5
2961,5
2962,6
2963,2
2964,6
2965,6
2966,4
2967,3
2968,3
2969,2
2970,4
2971,3
2972,5
2973,3
2974,6
2975,3
2976,6
2977,3
2978,3
2979,6
2980,4
2981,6
2982,0
2983,6
2984,5
2985,4
2986,2
2987,5
2988,4
2989,0
2990,0
2991,6
2992,4
2993,4
2994,1
2995,4
2996,3
2997,5
2998,3
2999,3
3000,6
3001,1
3002,0
3003,2
3004,5
3005,2
3006,6
3007,5
3008,3
3009,3
3010,6
3011,6
3012,5
3013,5
3014,3
3015,6
3016,3
3017,4
3018,6
3019,3
3020,4
3021,6
3022,4
3023,1
3024,5
3025,3
3026,0
3027,6
3028,5
3029,6
3030,3
3031,6
3032,6
3033,2
3034,6
3035,3
3036,3
3037,5
3038,5
3039,4
3040,0
3041,3
3042,4
3043,6
3044,2
3045,3
3046,5
3047,2
3048,2
3049,6
3050,0
3051,3
3052,0
3053,3
3054,6
3055,4
3056,4
3057,6
3058,3
3059,5
3060,3
3061,4
3062,2
3063,6
3064,3
3065,3
3066,5
3067,4
3068,0
3069,3
3070,4
3071,4
3072,6
3073,5
3074,5
3075,6
3076,2
3077,4
3078,6
3079,3
3080,6
3081,6
3082,3
3083,3
3084,4
3085,6
3086,2
3087,4
3088,3
3089,6
3090,0
3091,6
3092,3
3093,3
3094,1
3095,3
3096,0
3097,5
3098,3
3099,3
3100,4
3101,4
3102,3
3103,0
3104,5
3105,6
3106,1
3107,6
3108,6
3109,5
3110,5
3111,4
3112,4
3113,4
3114,3
3115,0
3116,5
3117,5
3118,2
3119,4
3120,3
3121,6
3122,2
3123,4
3124,0
3125,3
3126,3
3127,0
3128,6
3129,4
3130,2
3131,4
3132,6
3133,1
3134,6
3135,4
3136,0
3137,3
3138,3
3139,1
3140,5
3141,4
3142,4
3143,3
3144,1
3145,5
3146,0
3147,1
3148,6
3149,2
3150,6
3151,5
3152,3
3153,6
3154,1
3155,2
3156,6
3157,5
3158,3
3159,3
3160,2
3161,3
3162,3
3163,1
3164,2
3165,3
3166,1
3167,6
3168,6
3169,6
3170,4
3171,4
3172,2
3173,3
3174,0
3175,1
3176,6
3177,3
3178,6
3179,0
3180,5
3181,6
3182,3
3183,5
3184,3
3185,4
3186,4
3187,4
3188,3
3189,4
3190,5
3191,6
3192,6
3193,6
3194,1
3195,6
3196,2
3197,0
3198,4
3199,4
3200,5
3201,3
3202,6
3203,0
3204,1
3205,0
3206,3
3207,4
3208,4
3209,5
3210,5
3211,2
3212,1
3213,6
3214,3
3215,6
3216,4
3217,2
3218,4
3219,1
3220,4
3221,6
3222,4
3223,3
3224,5
3225,3
3226,2
3227,4
3228,5
3229,6
3230,6
3231,3
3232,0
3233,4
3234,3
3235,2
3236,2
3237,6
3238,0
3239,0
3240,2
3241,6
3242,2
3243,6
3244,2
3245,0
3246,0
3247,6
3248,5
3249,2
3250,6
3251,3
3252,4
3253,3
3254,1
3255,2
3256,6
3257,6
3258,2
3259,6
3260,0
3261,3
3262,4
3263,6
3264,0
3265,6
3266,6
3267,5
3268,4
3269,0
3270,5
3271,0
3272,5
3273,3
3274,2
3275,0
3276,6
3277,6
3278,6
3279,3
3280,6
3281,3
3282,5
3283,6
3284,4
3285,6
3286,0
3287,5
3288,6
3289,6
3290,0
3291,5
3292,4
3293,0
3294,3
3295,3
3296,1
3297,4
3298,6
3299,6
3300,0
3301,5
3302,1
3303,3
3304,4
3305,3
3306,6
3307,2
3308,6
3309,6
3310,5
3311,3
3312,2
3313,3
3314,2
3315,5
3316,6
3317,1
3318,5
3319,1
3320,6
3321,5
3322,3
3323,1
3324,3
3325,3
3326,6
3327,3
3328,4
3329,6
3330,3
3331,1
3332,4
3333,5
3334,5
3335,6
3336,6
3337,6
3338,6
3339,3
3340,2
3341,6
3342,6
3343,6
3344,3
3345,4
3346,3
3347,4
3348,3
3349,0
3350,3
3351,5
3352,6
3353,1
3354,4
3355,5
3356,3
3357,4
3358,2
3359,3
3360,2
3361,6
3362,6
3363,6
3364,3
3365,0
3366,4
3367,6
3368,3
3369,2
3370,4
3371,4
3372,6
3373,3
3374,1
3375,2
3376,2
3377,1
3378,6
3379,6
3380,3
3381,4
3382,3
3383,4
3384,6
3385,4
3386,6
3387,3
3388,2
3389,6
3390,2
3391,6
3392,5
3393,6
3394,0
3395,6
3396,6
3397,4
3398,3
3399,5
3400,3
3401,0
3402,1
3403,6
3404,5
3405,5
3406,6
3407,0
3408,4
3409,4
3410,4
3411,6
3412,4
3413,3
3414,0
3415,3
3416,3
3417,3
3418,5
3419,3
3420,2
3421,1
3422,3
3423,0
3424,6
3425,0
3426,0
3427,0
3428,4
3429,5
3430,3
3431,3
3432,4
3433,3
3434,4
3435,6
3436,2
3437,0
3438,6
3439,4
3440,4
3441,6
3442,6
3443,5
3444,5
3445,3
3446,4
3447,3
3448,5
3449,2
3450,4
3451,6
3452,6
3453,6
3454,3
3455,3
3456,4
3457,3
3458,3
3459,6
3460,3
3461,3
3462,6
3463,2
3464,6
3465,4
3466,2
3467,6
3468,5
3469,6
3470,5
3471,3
3472,3
3473,6
3474,3
3475,5
3476,2
3477,5
3478,6
3479,3
3480,6
3481,6
3482,6
3483,4
3484,2
3485,6
3486,5
3487,3
3488,0
3489,5
3490,5
3491,4
3492,5
3493,2
3494,6
3495,0
3496,6
3497,3
3498,6
3499,2
3500,1
3501,0
3502,6
3503,2
3504,2
3505,4
3506,4
3507,3
3508,3
3509,6
3510,5
3511,4
3512,1
3513,0
3514,3
3515,3
3516,6
3517,0
3518,6
3519,3
3520,3
3521,5
3522,6
3523,6
3524,5
3525,3
3526,6
3527,2
3528,0
3529,2
3530,0
3531,2
3532,0
3533,6
3534,0
3535,3
3536,2
3537,6
3538,6
3539,2
3540,1
3541,5
3542,4
3543,3
3544,3
3545,6
3546,4
3547,6
3548,6
3549,2
3550,0
3551,6
3552,4
3553,3
3554,6
3555,4
3556,6
3557,2
3558,4
3559,3
3560,2
3561,6
3562,5
3563,5
3564,3
3565,5
3566,3
3567,3
3568,2
3569,3
3570,6
3571,2
3572,5
3573,5
3574,6
3575,6
3576,6
3577,4
3578,6
3579,4
3580,3
3581,3
3582,5
3583,6
3584,4
3585,6
3586,6
3587,6
3588,0
3589,3
3590,4
3591,4
3592,4
3593,1
3594,6
3595,6
3596,2
3597,2
3598,6
3599,2
3600,4
3601,6
3602,4
3603,3
3604,3
3605,5
3606,3
3607,2
3608,4
3609,1
3610,1
3611,3
3612,5
3613,2
3614,0
3615,3
3616,3
3617,6
3618,1
3619,6
3620,6
3621,4
3622,3
3623,2
3624,5
3625,4
3626,3
3627,6
3628,0
3629,3
3630,2
3631,4
3632,6
3633,3
3634,6
3635,3
3636,0
3637,6
3638,6
3639,6
3640,2
3641,2
3642,3
3643,3
3644,0
3645,4
3646,4
3647,3
3648,2
3649,1
3650,4
3651,3
3652,4
3653,0
3654,3
3655,4
3656,6
3657,3
3658,3
3659,1
3660,5
3661,2
3662,4
3663,4
3664,2
3665,0
3666,3
3667,5
3668,3
3669,6
3670,1
3671,1
3672,0
3673,3
3674,3
3675,3
3676,5
3677,4
3678,1
3679,5
3680,6
3681,5
3682,0
3683,6
3684,6
3685,6
3686,3
3687,6
3688,3
3689,0
3690,4
3691,5
3692,4
3693,3
3694,6
3695,2
3696,2
3697,6
3698,3
3699,6
3700,2
3701,5
3702,4
3703,4
3704,6
3705,1
3706,6
3707,3
3708,3
3709,2
3710,3
3711,5
3712,2
3713,2
3714,0
3715,0
3716,3
3717,5
3718,6
3719,1
3720,6
3721,3
3722,3
3723,0
3724,3
3725,6
3726,5
3727,2
3728,4
3729,5
3730,6
3731,3
3732,5
3733,4
3734,6
3735,0
3736,0
3737,0
3738,4
3739,3
3740,3
3741,5
3742,2
3743,5
3744,5
3745,6
3746,3
3747,4
3748,6
3749,3
3750,3
3751,1
3752,5
3753,2
3754,2
3755,0
3756,2
3757,2
3758,4
3759,4
3760,6
3761,3
3762,2
3763,2
3764,2
3765,6
3766,3
3767,2
3768,3
3769,0
3770,3
3771,5
3772,0
3773,3
3774,6
3775,6
3776,5
3777,3
3778,5
3779,3
3780,0
3781,2
3782,3
3783,5
3784,0
3785,1
3786,4
3787,5
3788,3
3789,4
3790,0
3791,3
3792,5
3793,6
3794,3
3795,0
3796,2
3797,6
3798,5
3799,6
3800,6
3801,4
3802,6
3803,6
3804,2
3805,3
3806,3
3807,6
3808,0
3809,0
3810,0
3811,3
3812,6
3813,6
3814,2
3815,0
3816,3
3817,3
3818,5
3819,2
3820,0
3821,6
3822,2
3823,3
3824,5
3825,6
3826,2
3827,6
3828,6
3829,3
3830,3
3831,3
3832,4
3833,4
3834,4
3835,6
3836,2
3837,3
3838,5
3839,3
3840,0
3841,3
3842,5
3843,4
3844,4
3845,6
3846,6
3847,2
3848,6
3849,1
3850,3
3851,6
3852,5
3853,6
3854,2
3855,4
3856,3
3857,3
3858,2
3859,4
3860,1
3861,4
3862,4
3863,6
3864,1
3865,4
3866,6
3867,4
3868,5
3869,2
3870,6
3871,3
3872,3
3873,2
3874,2
3875,3
3876,0
3877,0
3878,0
3879,2
3880,6
3881,3
3882,5
3883,1
3884,3
3885,0
3886,6
3887,2
3888,1
3889,3
3890,6
3891,3
3892,4
3893,4
3894,6
3895,6
3896,5
3897,6
3898,6
3899,0
3900,1
3901,2
3902,4
3903,3
3904,3
3905,3
3906,0
3907,2
3908,3
3909,3
3910,4
3911,3
3912,2
3913,0
3914,6
3915,6
3916,4
3917,6
3918,2
3919,3
3920,4
3921,6
3922,6
3923,3
3924,0
3925,4
3926,0
3927,2
3928,2
3929,5
3930,1
3931,5
3932,2
3933,6
3934,6
3935,3
3936,5
3937,3
3938,3
3939,3
3940,6
3941,6
3942,6
3943,2
3944,6
3945,4
3946,0
3947,1
3948,3
3949,3
3950,3
3951,3
3952,0
3953,6
3954,6
3955,4
3956,5
3957,1
3958,2
3959,0
3960,4
3961,5
3962,6
3963,6
3964,6
3965,6
3966,6
3967,4
3968,3
3969,6
3970,1
3971,4
3972,6
3973,6
3974,0
3975,6
3976,2
3977,6
3978,4
3979,1
3980,6
3981,4
3982,4
3983,3
3984,3
3985,1
3986,4
3987,1
3988,3
3989,3
3990,5
3991,2
3992,2
3993,6
3994,3
3995,3
3996,3
3997,5
3998,4
3999,5
4000,4
4001,3
4002,5
4003,2
4004,1
4005,5
4006,6
4007,4
4008,0
4009,3
4010,6
4011,3
4012,5
4013,3
4014,6
4015,6
4016,2
4017,3
4018,3
4019,4
4020,3
4021,2
4022,3
4023,1
4024,2
4025,4
4026,1
4027,6
4028,3
4029,3
4030,0
4031,5
4032,4
4033,3
4034,3
4035,3
4036,2
4037,5
4038,2
4039,2
4040,2
4041,2
4042,6
4043,0
4044,6
4045,4
4046,5
4047,4
4048,0
4049,5
4050,4
4051,1
4052,3
4053,3
4054,0
4055,4
4056,2
4057,3
4058,3
4059,3
4060,2
4061,0
4062,3
4063,3
4064,6
4065,5
4066,2
4067,6
4068,4
4069,6
4070,3
4071,6
4072,6
4073,4
4074,3
4075,2
4076,5
4077,0
4078,5
4079,5
4080,3
4081,6
4082,3
4083,2
4084,6
4085,6
4086,0
4087,3
4088,5
4089,6
4090,5
4091,1
4092,3
4093,0
4094,3
4095,0
4096,4
4097,1
4098,3
4099,4
4100,3
4101,2
4102,0
4103,5
4104,5
4105,6
4106,3
4107,4
4108,0
4109,0
4110,5
4111,4
4112,3
4113,6
4114,4
4115,0
4116,5
4117,5
4118,2
4119,2
4120,6
4121,3
4122,5
4123,6
4124,4
4125,0
4126,4
4127,4
4128,6
4129,0
4130,3
4131,5
4132,5
4133,6
4134,5
4135,5
4136,0
4137,5
4138,5
4139,2
4140,6
4141,4
4142,3
4143,5
4144,2
4145,3
4146,3
4147,0
4148,0
4149,3
4150,5
4151,0
4152,5
4153,6
4154,5
4155,6
4156,6
4157,1
4158,5
4159,6
4160,6
4161,3
4162,3
4163,6
4164,0
4165,3
4166,6
4167,6
4168,3
4169,2
4170,4
4171,3
4172,1
4173,5
4174,2
4175,5
4176,0
4177,2
4178,6
4179,0
4180,0
4181,6
4182,5
4183,0
4184,0
4185,6
4186,6
4187,0
4188,5
4189,4
4190,6
4191,3
4192,6
4193,3
4194,6
4195,1
4196,4
4197,4
4198,3
4199,3
4200,4
4201,0
4202,6
4203,3
4204,6
4205,4
4206,5
4207,3
4208,3
4209,0
4210,3
4211,1
4212,4
4213,5
4214,3
4215,4
4216,3
4217,5
4218,3
4219,4
4220,6
4221,5
4222,4
4223,0
4224,3
4225,0
4226,3
4227,6
4228,2
4229,6
4230,3
4231,4
4232,6
4233,6
4234,3
4235,6
4236,5
4237,0
4238,4
4239,6
4240,3
4241,0
4242,2
4243,1
4244,3
4245,5
4246,3
4247,6
4248,6
4249,3
4250,4
4251,6
4252,5
4253,3
4254,3
4255,1
4256,2
4257,0
4258,0
4259,3
4260,3
4261,1
4262,3
4263,6
4264,3
4265,3
4266,1
4267,6
4268,4
4269,0
4270,6
4271,4
4272,4
4273,2
4274,6
4275,5
4276,3
4277,0
4278,4
4279,4
4280,6
4281,3
4282,6
4283,2
4284,3
4285,4
4286,3
4287,0
4288,1
4289,4
4290,4
4291,3
4292,3
4293,2
4294,1
4295,3
4296,2
4297,6
4298,4
4299,6
4300,4
4301,4
4302,3
4303,6
4304,3
4305,0
4306,6
4307,3
4308,3
4309,3
4310,3
4311,5
4312,3
4313,6
4314,0
4315,4
4316,5
4317,5
4318,0
4319,6
4320,6
4321,4
4322,4
4323,4
4324,6
4325,2
4326,1
4327,1
4328,6
4329,4
4330,4
4331,4
4332,6
4333,0
4334,6
4335,2
4336,2
4337,6
4338,6
4339,0
4340,3
4341,6
4342,6
4343,6
4344,6
4345,2
4346,0
4347,3
4348,3
4349,3
4350,5
4351,5
4352,5
4353,5
4354,6
4355,1
4356,4
4357,6
4358,3
4359,3
4360,0
4361,3
4362,6
4363,6
4364,5
4365,4
4366,6
4367,5
4368,2
4369,4
4370,4
4371,1
4372,3
4373,3
4374,0
4375,3
4376,0
4377,6
4378,6
4379,2
4380,2
4381,2
4382,3
4383,5
4384,6
4385,2
4386,0
4387,2
4388,5
4389,2
4390,6
4391,5
4392,6
4393,0
4394,2
4395,6
4396,4
4397,6
4398,6
4399,3
4400,4
4401,3
4402,6
4403,3
4404,4
4405,5
4406,6
4407,3
4408,3
4409,6
4410,4
4411,5
4412,6
4413,3
4414,2
4415,2
4416,0
4417,3
4418,3
4419,4
4420,2
4421,6
4422,4
4423,3
4424,5
4425,4
4426,0
4427,0
4428,3
4429,5
4430,2
4431,5
4432,3
4433,4
4434,0
4435,4
4436,3
4437,3
4438,4
4439,6
4440,6
4441,4
4442,6
4443,4
4444,1
4445,3
4446,5
4447,4
4448,1
4449,4
4450,5
4451,4
4452,5
4453,6
4454,5
4455,6
4456,2
4457,5
4458,3
4459,2
4460,3
4461,3
4462,3
4463,3
4464,6
4465,6
4466,6
4467,6
4468,6
4469,5
4470,3
4471,5
4472,4
4473,0
4474,6
4475,3
4476,5
4477,4
4478,5
4479,3
4480,3
4481,3
4482,1
4483,6
4484,3
4485,2
4486,4
4487,6
4488,4
4489,5
4490,5
4491,0
4492,0
4493,4
4494,6
4495,6
4496,1
4497,6
4498,4
4499,3
4500,6
4501,0
4502,5
4503,4
4504,3
4505,3
4506,4
4507,6
4508,6
4509,3
4510,6
4511,6
4512,4
4513,3
4514,5
4515,4
4516,2
4517,2
4518,2
4519,3
4520,6
4521,6
4522,5
4523,2
4524,6
4525,6
4526,3
4527,3
4528,2
4529,5
4530,3
4531,4
4532,0
4533,5
4534,3
4535,2
4536,1
4537,3
4538,6
4539,5
4540,6
4541,4
4542,3
4543,4
4544,6
4545,3
4546,1
4547,2
4548,4
4549,4
4550,2
4551,3
4552,2
4553,5
4554,4
4555,2
4556,3
4557,1
4558,5
4559,5
4560,4
4561,3
4562,4
4563,6
4564,4
4565,3
4566,1
4567,3
4568,4
4569,3
4570,6
4571,6
4572,6
4573,0
4574,2
4575,4
4576,2
4577,5
4578,6
4579,1
4580,3
4581,1
4582,4
4583,4
4584,4
4585,6
4586,6
4587,0
4588,1
4589,6
4590,3
4591,5
4592,6
4593,3
4594,4
4595,3
4596,4
4597,6
4598,0
4599,3
4600,3
4601,3
4602,6
4603,3
4604,4
4605,6
4606,3
4607,6
4608,0
4609,2
4610,3
4611,3
4612,2
4613,3
4614,0
4615,4
4616,6
4617,6
4618,5
4619,4
4620,2
4621,6
4622,1
4623,3
4624,3
4625,5
4626,3
4627,0
4628,3
4629,2
4630,2
4631,0
4632,6
4633,5
4634,4
4635,4
4636,0
4637,6
4638,0
4639,5
4640,3
4641,6
4642,5
4643,6
4644,1
4645,4
4646,3
4647,6
4648,4
4649,6
4650,3
4651,6
4652,3
4653,3
4654,2
4655,2
4656,6
4657,2
4658,5
4659,1
4660,4
4661,3
4662,3
4663,5
4664,1
4665,6
4666,0
4667,3
4668,3
4669,5
4670,3
4671,6
4672,4
4673,4
4674,1
4675,6
4676,5
4677,4
4678,3
4679,3
4680,5
4681,2
4682,4
4683,2
4684,0
4685,4
4686,2
4687,6
4688,0
4689,3
4690,2
4691,5
4692,6
4693,6
4694,3
4695,5
4696,3
4697,5
4698,3
4699,1
4700,5
4701,6
4702,0
4703,2
4704,1
4705,3
4706,6
4707,5
4708,1
4709,3
4710,5
4711,3
4712,0
4713,4
4714,6
4715,2
4716,0
4717,6
4718,4
4719,3
4720,1
4721,0
4722,6
4723,3
4724,6
4725,0
4726,3
4727,0
4728,4
4729,0
4730,3
4731,1
4732,3
4733,3
4734,5
4735,6
4736,3
4737,5
4738,3
4739,3
4740,6
4741,0
4742,0
4743,4
4744,3
4745,3
4746,2
4747,0
4748,3
4749,4
4750,3
4751,3
4752,3
4753,2
4754,3
4755,3
4756,4
4757,0
4758,3
4759,6
4760,6
4761,4
4762,5
4763,3
4764,4
4765,3
4766,3
4767,3
4768,3
4769,6
4770,4
4771,3
4772,4
4773,4
4774,4
4775,0
4776,6
4777,2
4778,4
4779,4
4780,2
4781,5
4782,6
4783,3
4784,3
4785,1
4786,2
4787,3
4788,4
4789,5
4790,2
4791,4
4792,3
4793,4
4794,6
4795,5
4796,4
4797,1
4798,6
4799,3
4800,6
4801,6
4802,3
4803,3
4804,5
4805,3
4806,1
4807,5
4808,2
4809,6
4810,4
4811,6
4812,4
4813,4
4814,4
4815,3
4816,2
4817,3
4818,6
4819,3
4820,6
4821,3
4822,5
4823,4
4824,1
4825,6
4826,5
4827,5
4828,3
4829,3
4830,3
4831,6
4832,3
4833,3
4834,3
4835,6
4836,0
4837,4
4838,3
4839,2
4840,3
4841,2
4842,3
4843,0
4844,1
4845,5
4846,5
4847,0
4848,4
4849,3
4850,3
4851,3
4852,2
4853,3
4854,2
4855,3
4856,0
4857,3
4858,3
4859,1
4860,0
4861,3
4862,3
4863,0
4864,6
4865,5
4866,1
4867,3
4868,2
4869,3
4870,3
4871,4
4872,3
4873,3
4874,6
4875,3
4876,5
4877,5
4878,6
4879,3
4880,3
4881,1
4882,5
4883,6
4884,6
4885,6
4886,4
4887,6
4888,0
4889,6
4890,3
4891,3
4892,3
4893,3
4894,3
4895,4
4896,3
4897,2
4898,3
4899,0
4900,3
4901,0
4902,0
4903,4
4904,0
4905,4
4906,4
4907,6
4908,3
4909,5
4910,4
4911,3
4912,5
4913,2
4914,6
4915,3
4916,0
4917,4
4918,2
4919,3
4920,2
4921,0
4922,0
4923,5
4924,3
4925,2
4926,6
4927,4
4928,3
4929,0
4930,1
4931,2
4932,4
4933,2
4934,4
4935,6
4936,4
4937,3
4938,5
4939,0
4940,2
4941,0
4942,0
4943,1
4944,3
4945,4
4946,5
4947,3
4948,2
4949,5
4950,3
4951,6
4952,3
4953,6
4954,3
4955,3
4956,4
4957,3
4958,1
4959,4
4960,0
4961,4
4962,3
4963,6
4964,4
4965,3
4966,0
4967,4
4968,3
4969,3
4970,5
4971,2
4972,4
4973,6
4974,6
4975,5
4976,0
4977,4
4978,3
4979,3
4980,3
4981,0
4982,4
4983,3
4984,6
4985,3
4986,1
4987,3
4988,2
4989,3
4990,0
4991,6
4992,3
4993,2
4994,1
4995,3
4996,3
4997,4
4998,6
4999,6
5000,4
5001,2
5002,2
5003,2
5004,5
5005,4
5006,6
5007,6
5008,1
5009,6
5010,2
5011,4
5012,6
5013,3
5014,3
5015,0
5016,3
5017,3
5018,0
5019,3
5020,4
5021,2
5022,0
5023,4
5024,0
5025,0
5026,0
5027,2
5028,2
5029,6
5030,5
5031,6
5032,1
5033,3
5034,5
5035,3
5036,5
5037,4
5038,3
5039,3
5040,3
5041,5
5042,0
5043,6
5044,3
5045,4
5046,1
5047,3
5048,2
5049,3
5050,3
5051,3
5052,2
5053,3
5054,4
5055,6
5056,2
5057,3
5058,2
5059,3
5060,3
5061,6
5062,3
5063,4
5064,6
5065,4
5066,3
5067,6
5068,6
5069,0
5070,4
5071,0
5072,2
5073,5
5074,4
5075,3
5076,6
5077,3
5078,3
5079,2
5080,3
5081,3
5082,0
5083,5
5084,3
5085,2
5086,3
5087,4
5088,6
5089,2
5090,0
5091,4
5092,5
5093,6
5094,5
5095,3
5096,6
5097,3
5098,0
5099,4
5100,5
5101,6
5102,0
5103,1
5104,3
5105,0
5106,3
5107,3
5108,3
5109,0
5110,2
5111,5
5112,3
5113,2
5114,6
5115,0
5116,6
5117,5
5118,3
5119,6
5120,4
5121,2
5122,6
5123,4
5124,4
5125,5
5126,6
5127,5
5128,6
5129,6
5130,3
5131,1
5132,0
5133,5
5134,4
5135,3
5136,2
5137,0
5138,3
5139,0
5140,3
5141,0
5142,3
5143,3
5144,3
5145,6
5146,1
5147,0
5148,3
5149,5
5150,3
5151,1
5152,0
5153,4
5154,3
5155,2
5156,5
5157,3
5158,6
5159,2
5160,6
5161,6
5162,3
5163,3
5164,5
5165,6
5166,5
5167,2
5168,3
5169,3
5170,3
5171,6
5172,6
5173,3
5174,3
5175,2
5176,5
5177,3
5178,4
5179,0
5180,3
5181,3
5182,3
5183,0
5184,3
5185,5
5186,3
5187,3
5188,3
5189,3
5190,5
5191,2
5192,3
5193,5
5194,1
5195,5
5196,1
5197,2
5198,3
5199,3
5200,4
5201,3
5202,0
5203,1
5204,3
5205,3
5206,6
5207,2
5208,5
5209,4
5210,6
5211,6
5212,4
5213,5
5214,3
5215,4
5216,4
5217,2
5218,2
5219,4
5220,6
5221,6
5222,3
5223,6
5224,6
5225,6
5226,5
5227,4
5228,6
5229,3
5230,3
5231,6
5232,3
5233,4
5234,0
5235,4
5236,4
5237,6
5238,4
5239,3
5240,0
5241,6
5242,5
5243,6
5244,3
5245,2
5246,1
5247,3
5248,3
5249,3
5250,0
5251,5
5252,4
5253,5
5254,0
5255,6
5256,4
5257,4
5258,4
5259,5
5260,4
5261,4
5262,0
5263,3
5264,4
5265,6
5266,5
5267,3
5268,5
5269,5
5270,3
5271,6
5272,5
5273,3
5274,4
5275,5
5276,6
5277,3
5278,4
5279,3
5280,4
5281,6
5282,2
5283,1
5284,6
5285,3
5286,0
5287,2
5288,5
5289,5
5290,0
5291,5
5292,5
5293,6
5294,1
5295,1
5296,3
5297,4
5298,0
5299,1
5300,6
5301,6
5302,2
5303,3
5304,1
5305,0
5306,0
5307,1
5308,6
5309,6
5310,0
5311,0
5312,0
5313,3
5314,5
5315,4
5316,4
5317,6
5318,0
5319,4
5320,5
5321,4
5322,3
5323,5
5324,3
5325,4
5326,3
5327,5
5328,3
5329,2
5330,5
5331,3
5332,6
5333,4
5334,6
5335,3
5336,3
5337,3
5338,6
5339,4
5340,4
5341,1
5342,0
5343,4
5344,3
5345,4
5346,4
5347,4
5348,2
5349,5
5350,6
5351,3
5352,2
5353,0
5354,6
5355,6
5356,3
5357,3
5358,5
5359,0
5360,2
5361,2
5362,4
5363,4
5364,4
5365,2
5366,2
5367,3
5368,3
5369,3
5370,3
5371,4
5372,6
5373,3
5374,6
5375,4
5376,2
5377,3
5378,1
5379,4
5380,3
5381,3
5382,3
5383,6
5384,6
5385,2
5386,3
5387,0
5388,4
5389,0
5390,3
5391,4
5392,5
5393,1
5394,4
5395,0
5396,3
5397,6
5398,5
5399,0
5400,6
5401,6
5402,6
5403,2
5404,3
5405,4
5406,3
5407,6
5408,3
5409,3
5410,4
5411,0
5412,6
5413,4
5414,5
5415,6
5416,6
5417,5
5418,1
5419,3
5420,6
5421,6
5422,4
5423,2
5424,2
5425,2
5426,0
5427,6
5428,3
5429,3
5430,6
5431,0
5432,0
5433,3
5434,1
5435,4
5436,5
5437,1
5438,6
5439,6
5440,6
5441,1
5442,4
5443,6
5444,6
5445,3
5446,0
5447,3
5448,3
5449,5
5450,1
5451,1
5452,6
5453,6
5454,3
5455,6
5456,3
5457,6
5458,6
5459,6
5460,0
5461,4
5462,3
5463,4
5464,3
5465,3
5466,0
5467,6
5468,0
5469,1
5470,4
5471,6
5472,0
5473,6
5474,6
5475,4
5476,3
5477,4
5478,4
5479,2
5480,2
5481,6
5482,2
5483,6
5484,2
5485,1
5486,4
5487,2
5488,1
5489,3
5490,2
5491,5
5492,5
5493,0
5494,5
5495,6
5496,4
5497,6
5498,3
5499,0
5500,3
5501,3
5502,3
5503,6
5504,3
5505,0
5506,3
5507,2
5508,2
5509,6
5510,3
5511,2
5512,1
5513,0
5514,0
5515,3
5516,4
5517,1
5518,6
5519,5
5520,1
5521,3
5522,1
5523,3
5524,2
5525,0
5526,2
5527,3
5528,3
5529,3
5530,3
5531,0
5532,4
5533,5
5534,6
5535,6
5536,6
5537,5
5538,1
5539,0
5540,6
5541,3
5542,4
5543,4
5544,6
5545,3
5546,0
5547,0
5548,2
5549,2
5550,3
5551,0
5552,3
5553,6
5554,3
5555,5
5556,6
5557,5
5558,2
5559,2
5560,6
5561,5
5562,6
5563,6
5564,4
5565,3
5566,3
5567,5
5568,5
5569,6
5570,6
5571,1
5572,2
5573,0
5574,2
5575,6
5576,6
5577,3
5578,2
5579,5
5580,1
5581,3
5582,2
5583,0
5584,5
5585,4
5586,3
5587,2
5588,5
5589,5
5590,4
5591,3
5592,3
5593,3
5594,5
5595,5
5596,0
5597,6
5598,4
5599,0
5600,6
5601,0
5602,6
5603,3
5604,4
5605,3
5606,1
5607,6
5608,3
5609,3
5610,2
5611,0
5612,1
5613,3
5614,0
5615,6
5616,6
5617,3
5618,6
5619,1
5620,3
5621,3
5622,5
5623,4
5624,6
5625,6
5626,6
5627,3
5628,5
5629,0
5630,6
5631,2
5632,4
5633,3
5634,5
5635,6
5636,6
5637,2
5638,3
5639,3
5640,3
5641,2
5642,3
5643,4
5644,4
5645,3
5646,0
5647,3
5648,3
5649,6
5650,3
5651,3
5652,0
5653,5
5654,0
5655,6
5656,1
5657,3
5658,5
5659,2
5660,6
5661,5
5662,2
5663,3
5664,3
5665,3
5666,5
5667,4
5668,5
5669,3
5670,6
5671,4
5672,4
5673,3
5674,3
5675,1
5676,6
5677,3
5678,3
5679,6
5680,6
5681,2
5682,3
5683,0
5684,6
5685,6
5686,2
5687,2
5688,6
5689,6
5690,2
5691,2
5692,2
5693,4
5694,6
5695,6
5696,4
5697,3
5698,2
5699,6
5700,0
5701,2
5702,4
5703,3
5704,3
5705,2
5706,3
5707,3
5708,4
5709,4
5710,3
5711,4
5712,4
5713,2
5714,4
5715,0
5716,4
5717,0
5718,0
5719,4
5720,1
5721,4
5722,6
5723,0
5724,3
5725,4
5726,6
5727,4
5728,6
5729,4
5730,2
5731,3
5732,1
5733,3
5734,1
5735,6
5736,0
5737,4
5738,6
5739,6
5740,2
5741,3
5742,0
5743,3
5744,6
5745,3
5746,0
5747,6
5748,5
5749,6
5750,6
5751,2
5752,2
5753,3
5754,4
5755,3
5756,2
5757,3
5758,5
5759,3
5760,0
5761,6
5762,3
5763,3
5764,2
5765,4
5766,4
5767,2
5768,3
5769,4
5770,6
5771,0
5772,0
5773,1
5774,4
5775,4
5776,5
5777,0
5778,4
5779,0
5780,4
5781,3
5782,5
5783,3
5784,5
5785,3
5786,4
5787,2
5788,4
5789,4
5790,6
5791,3
5792,4
5793,5
5794,3
5795,6
5796,3
5797,4
5798,5
5799,3
5800,0
5801,5
5802,6
5803,4
5804,6
5805,5
5806,0
5807,3
5808,4
5809,4
5810,3
5811,1
5812,4
5813,2
5814,5
5815,3
5816,6
5817,3
5818,0
5819,4
5820,5
5821,3
5822,5
5823,3
5824,6
5825,3
5826,3
5827,3
5828,4
5829,6
5830,3
5831,3
5832,5
5833,3
5834,6
5835,6
5836,6
5837,2
5838,4
5839,6
5840,0
5841,2
5842,2
5843,1
5844,0
5845,5
5846,3
5847,3
5848,1
5849,0
5850,6
5851,4
5852,0
5853,3
5854,5
5855,5
5856,3
5857,6
5858,3
5859,1
5860,3
5861,5
5862,0
5863,3
5864,4
5865,2
5866,6
5867,0
5868,6
5869,6
5870,2
5871,3
5872,0
5873,2
5874,3
5875,4
5876,1
5877,1
5878,3
5879,5
5880,3
5881,5
5882,3
5883,1
5884,6
5885,3
5886,5
5887,4
5888,0
5889,2
5890,5
5891,5
5892,5
5893,2
5894,3
5895,6
5896,1
5897,4
5898,2
5899,4
5900,5
5901,4
5902,2
5903,2
5904,5
5905,3
5906,0
5907,4
5908,5
5909,5
5910,5
5911,0
5912,2
5913,4
5914,4
5915,2
5916,4
5917,3
5918,5
5919,5
5920,2
5921,6
5922,6
5923,4
5924,6
5925,5
5926,0
5927,1
5928,5
5929,5
5930,3
5931,3
5932,4
5933,5
5934,3
5935,5
5936,0
5937,4
5938,6
5939,6
5940,6
5941,5
5942,3
5943,2
5944,6
5945,2
5946,6
5947,3
5948,0
5949,4
5950,2
5951,3
5952,4
5953,3
5954,3
5955,3
5956,5
5957,3
5958,6
5959,6
5960,6
5961,3
5962,4
5963,0
5964,0
5965,6
5966,6
5967,5
5968,3
5969,1
5970,3
5971,6
5972,5
5973,1
5974,6
5975,5
5976,6
5977,6
5978,6
5979,3
5980,6
5981,5
5982,5
5983,2
5984,4
5985,4
5986,4
5987,6
5988,4
5989,0
5990,3
5991,5
5992,3
5993,0
5994,4
5995,4
5996,0
5997,6
5998,5
5999,3
6000,4
6001,0
6002,6
6003,4
6004,6
6005,6
6006,1
6007,2
6008,4
6009,3
6010,3
6011,3
6012,5
6013,4
6014,6
6015,6
6016,5
6017,6
6018,5
6019,3
6020,4
6021,4
6022,3
6023,1
6024,4
6025,5
6026,5
6027,6
6028,6
6029,2
6030,4
6031,1
6032,0
6033,6
6034,2
6035,6
6036,0
6037,5
6038,2
6039,0
6040,5
6041,3
6042,3
6043,2
6044,5
6045,4
6046,3
6047,1
6048,6
6049,4
6050,3
6051,0
6052,0
6053,5
6054,5
6055,6
6056,3
6057,6
6058,1
6059,5
6060,0
6061,2
6062,0
6063,3
6064,6
6065,5
6066,2
6067,5
6068,3
6069,4
6070,5
6071,5
6072,4
6073,3
6074,6
6075,4
6076,3
6077,4
6078,5
6079,4
6080,3
6081,5
6082,6
6083,6
6084,0
6085,6
6086,4
6087,6
6088,3
6089,3
6090,0
6091,2
6092,3
6093,4
6094,4
6095,0
6096,6
6097,5
6098,3
6099,5
6100,2
6101,6
6102,0
6103,1
6104,3
6105,3
6106,2
6107,3
6108,4
6109,6
6110,4
6111,6
6112,2
6113,0
6114,2
6115,0
6116,0
6117,0
6118,4
6119,3
6120,6
6121,2
6122,0
6123,2
6124,0
6125,0
6126,6
6127,3
6128,2
6129,0
6130,0
6131,4
6132,5
6133,3
6134,3
6135,0
6136,0
6137,2
6138,0
6139,4
6140,3
6141,3
6142,1
6143,5
6144,2
6145,4
6146,1
6147,0
6148,5
6149,0
6150,0
6151,6
6152,6
6153,5
6154,6
6155,5
6156,3
6157,2
6158,5
6159,0
6160,6
6161,6
6162,3
6163,2
6164,2
6165,2
6166,3
6167,6
6168,4
6169,5
6170,4
6171,1
6172,3
6173,2
6174,5
6175,6
6176,3
6177,2
6178,3
6179,1
6180,5
6181,0
6182,5
6183,1
6184,5
6185,2
6186,5
6187,2
6188,5
6189,6
6190,2
6191,1
6192,1
6193,3
6194,4
6195,2
6196,3
6197,4
6198,2
6199,0
6200,1
6201,6
6202,4
6203,5
6204,6
6205,1
6206,4
6207,2
6208,3
6209,0
6210,5
6211,6
6212,1
6213,3
6214,4
6215,6
6216,3
6217,4
6218,4
6219,6
6220,3
6221,3
6222,3
6223,0
6224,3
6225,0
6226,3
6227,3
6228,6
6229,5
6230,6
6231,5
6232,4
6233,6
6234,1
6235,3
6236,4
6237,4
6238,6
6239,5
6240,6
6241,3
6242,0
6243,2
6244,6
6245,4
6246,5
6247,5
6248,6
6249,6
6250,0
6251,3
6252,5
6253,6
6254,6
6255,2
6256,6
6257,3
6258,3
6259,3
6260,6
6261,5
6262,1
6263,4
6264,3
6265,0
6266,2
6267,6
6268,4
6269,3
6270,5
6271,3
6272,3
6273,0
6274,2
6275,3
6276,3
6277,0
6278,3
6279,6
6280,3
6281,6
6282,2
6283,5
6284,3
6285,5
6286,5
6287,1
6288,3
6289,5
6290,2
6291,6
6292,3
6293,4
6294,2
6295,4
6296,4
6297,4
6298,4
6299,0
6300,6
6301,4
6302,1
6303,6
6304,4
6305,6
6306,4
6307,6
6308,5
6309,3
6310,2
6311,3
6312,3
6313,2
6314,3
6315,3
6316,6
6317,1
6318,2
6319,3
6320,4
6321,6
6322,3
6323,5
6324,5
6325,6
6326,3
6327,3
6328,5
6329,3
6330,5
6331,5
6332,4
6333,0
6334,4
6335,1
6336,5
6337,5
6338,3
6339,3
6340,4
6341,0
6342,3
6343,5
6344,2
6345,6
6346,6
6347,0
6348,5
6349,2
6350,3
6351,0
6352,3
6353,6
6354,4
6355,6
6356,2
6357,4
6358,0
6359,3
6360,6
6361,4
6362,2
6363,4
6364,4
6365,3
6366,6
6367,0
6368,2
6369,4
6370,3
6371,3
6372,6
6373,6
6374,4
6375,6
6376,4
6377,4
6378,3
6379,3
6380,0
6381,5
6382,2
6383,6
6384,5
6385,6
6386,2
6387,5
6388,0
6389,6
6390,6
6391,0
6392,5
6393,0
6394,4
6395,6
6396,5
6397,2
6398,3
6399,4
6400,2
6401,6
6402,3
6403,0
6404,5
6405,2
6406,5
6407,2
6408,0
6409,5
6410,5
6411,3
6412,3
6413,6
6414,0
6415,3
6416,0
6417,6
6418,1
6419,2
6420,2
6421,5
6422,4
6423,5
6424,5
6425,6
6426,4
6427,4
6428,3
6429,4
6430,0
6431,5
6432,5
6433,3
6434,6
6435,1
6436,5
6437,6
6438,4
6439,6
6440,2
6441,3
6442,2
6443,5
6444,1
6445,6
6446,6
6447,2
6448,6
6449,4
6450,5
6451,3
6452,4
6453,2
6454,6
6455,5
6456,3
6457,0
6458,2
6459,6
6460,3
6461,5
6462,3
6463,6
6464,0
6465,1
6466,6
6467,2
6468,4
6469,6
6470,2
6471,0
6472,3
6473,6
6474,2
6475,2
6476,3
6477,5
6478,5
6479,3
6480,6
6481,0
6482,5
6483,2
6484,5
6485,5
6486,6
6487,6
6488,3
6489,5
6490,2
6491,6
6492,0
6493,3
6494,3
6495,2
6496,5
6497,4
6498,3
6499,2
6500,4
6501,6
6502,3
6503,5
6504,3
6505,2
6506,5
6507,5
6508,5
6509,2
6510,3
6511,0
6512,4
6513,4
6514,3
6515,2
6516,3
6517,2
6518,6
6519,4
6520,4
6521,0
6522,6
6523,1
6524,3
6525,6
6526,4
6527,5
6528,1
6529,3
6530,1
6531,3
6532,0
6533,6
6534,5
6535,4
6536,0
6537,6
6538,3
6539,6
6540,4
6541,4
6542,6
6543,0
6544,4
6545,6
6546,5
6547,6
6548,4
6549,1
6550,2
6551,6
6552,6
6553,2
6554,4
6555,2
6556,3
6557,4
6558,1
6559,5
6560,2
6561,4
6562,1
6563,6
6564,3
6565,2
6566,3
6567,2
6568,0
6569,3
6570,4
6571,6
6572,6
6573,2
6574,4
6575,6
6576,6
6577,6
6578,0
6579,4
6580,6
6581,5
6582,6
6583,3
6584,0
6585,4
6586,3
6587,1
6588,3
6589,6
6590,6
6591,2
6592,3
6593,3
6594,4
6595,1
6596,3
6597,2
6598,6
6599,3
6600,0
6601,6
6602,3
6603,4
6604,6
6605,5
6606,6
6607,6
6608,6
6609,0
6610,3
6611,6
6612,0
6613,3
6614,3
6615,6
6616,2
6617,6
6618,6
6619,6
6620,1
6621,4
6622,0
6623,3
6624,6
6625,2
6626,4
6627,5
6628,3
6629,2
6630,4
6631,0
6632,0
6633,1
6634,3
6635,1
6636,2
6637,6
6638,1
6639,6
6640,2
6641,5
6642,6
6643,0
6644,6
6645,5
6646,2
6647,4
6648,3
6649,4
6650,5
6651,0
6652,1
6653,0
6654,6
6655,5
6656,5
6657,3
6658,3
6659,6
6660,3
6661,0
6662,0
6663,3
6664,5
6665,5
6666,5
6667,2
6668,2
6669,5
6670,0
6671,3
6672,3
6673,5
6674,0
6675,4
6676,6
6677,2
6678,3
6679,3
6680,6
6681,4
6682,4
6683,6
6684,2
6685,2
6686,3
6687,4
6688,2
6689,3
6690,3
6691,3
6692,3
6693,4
6694,3
6695,6
6696,1
6697,2
6698,4
6699,3
6700,1
6701,6
6702,4
6703,6
6704,6
6705,5
6706,2
6707,0
6708,4
6709,2
6710,4
